layer,market,verdict,weight,source,note,rule
4a_injuries,pass_att,EDGE,0.0,injury_ablation_results_eligibility_v2.parquet,"pending 4a rerun (EDGE: kept under the old rule, 0 under the new)","1.0 on CLEARS (gain > 0, 95% season-week interval excluding 0, wins >= MIN_SEASONS_WON seasons) else 0.0"
4a_injuries,pass_cmp,NO,0.0,injury_ablation_results_eligibility_v2.parquet,"","1.0 on CLEARS (gain > 0, 95% season-week interval excluding 0, wins >= MIN_SEASONS_WON seasons) else 0.0"
4a_injuries,pass_yds,NO,0.0,injury_ablation_results_eligibility_v2.parquet,"","1.0 on CLEARS (gain > 0, 95% season-week interval excluding 0, wins >= MIN_SEASONS_WON seasons) else 0.0"
4a_injuries,rush_att,CLEARS,1.0,injury_ablation_results_eligibility_v2.parquet,"","1.0 on CLEARS (gain > 0, 95% season-week interval excluding 0, wins >= MIN_SEASONS_WON seasons) else 0.0"
4a_injuries,rush_yds,CLEARS,1.0,injury_ablation_results_eligibility_v2.parquet,"","1.0 on CLEARS (gain > 0, 95% season-week interval excluding 0, wins >= MIN_SEASONS_WON seasons) else 0.0"
4a_injuries,targets,CLEARS,1.0,injury_ablation_results_eligibility_v2.parquet,"","1.0 on CLEARS (gain > 0, 95% season-week interval excluding 0, wins >= MIN_SEASONS_WON seasons) else 0.0"
4a_injuries,rec,CLEARS,1.0,injury_ablation_results_eligibility_v2.parquet,"","1.0 on CLEARS (gain > 0, 95% season-week interval excluding 0, wins >= MIN_SEASONS_WON seasons) else 0.0"
4a_injuries,rec_yds,CLEARS,1.0,injury_ablation_results_eligibility_v2.parquet,"","1.0 on CLEARS (gain > 0, 95% season-week interval excluding 0, wins >= MIN_SEASONS_WON seasons) else 0.0"
4a_injuries,qb_rush_att,NO,0.0,injury_ablation_results_eligibility_v2.parquet,"","1.0 on CLEARS (gain > 0, 95% season-week interval excluding 0, wins >= MIN_SEASONS_WON seasons) else 0.0"
4a_injuries,qb_rush_yds,NO,0.0,injury_ablation_results_eligibility_v2.parquet,"","1.0 on CLEARS (gain > 0, 95% season-week interval excluding 0, wins >= MIN_SEASONS_WON seasons) else 0.0"
4a_injuries,spread,EDGE,0.0,injury_ablation_results_eligibility_v2.parquet,"pending 4a rerun (EDGE: kept under the old rule, 0 under the new)","1.0 on CLEARS (gain > 0, 95% season-week interval excluding 0, wins >= MIN_SEASONS_WON seasons) else 0.0"
4a_injuries,moneyline,EDGE,0.0,injury_ablation_results_eligibility_v2.parquet,"pending 4a rerun (EDGE: kept under the old rule, 0 under the new)","1.0 on CLEARS (gain > 0, 95% season-week interval excluding 0, wins >= MIN_SEASONS_WON seasons) else 0.0"
4a_injuries,total,NO,0.0,injury_ablation_results_eligibility_v2.parquet,"","1.0 on CLEARS (gain > 0, 95% season-week interval excluding 0, wins >= MIN_SEASONS_WON seasons) else 0.0"
4b_simulation,pass_att,EDGE,0.0,sim_backtest_results_anchored_eligibility_v2.parquet,"","1.0 on CLEARS (gain > 0, 95% season-week interval excluding 0, wins >= MIN_SEASONS_WON seasons) else 0.0"
4b_simulation,pass_cmp,NO,0.0,sim_backtest_results_anchored_eligibility_v2.parquet,"","1.0 on CLEARS (gain > 0, 95% season-week interval excluding 0, wins >= MIN_SEASONS_WON seasons) else 0.0"
4b_simulation,pass_yds,NO,0.0,sim_backtest_results_anchored_eligibility_v2.parquet,"","1.0 on CLEARS (gain > 0, 95% season-week interval excluding 0, wins >= MIN_SEASONS_WON seasons) else 0.0"
4b_simulation,rush_att,EDGE,0.0,sim_backtest_results_anchored_eligibility_v2.parquet,"","1.0 on CLEARS (gain > 0, 95% season-week interval excluding 0, wins >= MIN_SEASONS_WON seasons) else 0.0"
4b_simulation,rush_yds,NO,0.0,sim_backtest_results_anchored_eligibility_v2.parquet,"","1.0 on CLEARS (gain > 0, 95% season-week interval excluding 0, wins >= MIN_SEASONS_WON seasons) else 0.0"
4b_simulation,targets,NO,0.0,sim_backtest_results_anchored_eligibility_v2.parquet,"","1.0 on CLEARS (gain > 0, 95% season-week interval excluding 0, wins >= MIN_SEASONS_WON seasons) else 0.0"
4b_simulation,rec,NO,0.0,sim_backtest_results_anchored_eligibility_v2.parquet,"","1.0 on CLEARS (gain > 0, 95% season-week interval excluding 0, wins >= MIN_SEASONS_WON seasons) else 0.0"
4b_simulation,rec_yds,NO,0.0,sim_backtest_results_anchored_eligibility_v2.parquet,"","1.0 on CLEARS (gain > 0, 95% season-week interval excluding 0, wins >= MIN_SEASONS_WON seasons) else 0.0"
4b_simulation,qb_rush_att,NO,0.0,sim_backtest_results_anchored_eligibility_v2.parquet,"","1.0 on CLEARS (gain > 0, 95% season-week interval excluding 0, wins >= MIN_SEASONS_WON seasons) else 0.0"
4b_simulation,qb_rush_yds,NO,0.0,sim_backtest_results_anchored_eligibility_v2.parquet,"","1.0 on CLEARS (gain > 0, 95% season-week interval excluding 0, wins >= MIN_SEASONS_WON seasons) else 0.0"
4b_simulation,spread,CLEARS,1.0,sim_backtest_results_anchored_eligibility_v2.parquet,"","1.0 on CLEARS (gain > 0, 95% season-week interval excluding 0, wins >= MIN_SEASONS_WON seasons) else 0.0"
4b_simulation,moneyline,EDGE,0.0,sim_backtest_results_anchored_eligibility_v2.parquet,"","1.0 on CLEARS (gain > 0, 95% season-week interval excluding 0, wins >= MIN_SEASONS_WON seasons) else 0.0"
4b_simulation,total,NO,0.0,sim_backtest_results_anchored_eligibility_v2.parquet,"","1.0 on CLEARS (gain > 0, 95% season-week interval excluding 0, wins >= MIN_SEASONS_WON seasons) else 0.0"
4c_comparables,pass_att,NO,0.0,comps_ablation_results_recency_weighted_eligibility_v2.parquet,"parked for V1 (stopping rule of 2026-10-09: no threshold passes the sweep, fingerprint diagnostic failed)","1.0 on CLEARS (gain > 0, 95% season-week interval excluding 0, wins >= MIN_SEASONS_WON seasons) else 0.0"
4c_comparables,pass_cmp,NO,0.0,comps_ablation_results_recency_weighted_eligibility_v2.parquet,"parked for V1 (stopping rule of 2026-10-09: no threshold passes the sweep, fingerprint diagnostic failed)","1.0 on CLEARS (gain > 0, 95% season-week interval excluding 0, wins >= MIN_SEASONS_WON seasons) else 0.0"
4c_comparables,pass_yds,NO,0.0,comps_ablation_results_recency_weighted_eligibility_v2.parquet,"parked for V1 (stopping rule of 2026-10-09: no threshold passes the sweep, fingerprint diagnostic failed)","1.0 on CLEARS (gain > 0, 95% season-week interval excluding 0, wins >= MIN_SEASONS_WON seasons) else 0.0"
4c_comparables,rush_att,NO,0.0,comps_ablation_results_recency_weighted_eligibility_v2.parquet,"parked for V1 (stopping rule of 2026-10-09: no threshold passes the sweep, fingerprint diagnostic failed)","1.0 on CLEARS (gain > 0, 95% season-week interval excluding 0, wins >= MIN_SEASONS_WON seasons) else 0.0"
4c_comparables,rush_yds,NO,0.0,comps_ablation_results_recency_weighted_eligibility_v2.parquet,"parked for V1 (stopping rule of 2026-10-09: no threshold passes the sweep, fingerprint diagnostic failed)","1.0 on CLEARS (gain > 0, 95% season-week interval excluding 0, wins >= MIN_SEASONS_WON seasons) else 0.0"
4c_comparables,targets,NO,0.0,comps_ablation_results_recency_weighted_eligibility_v2.parquet,"parked for V1 (stopping rule of 2026-10-09: no threshold passes the sweep, fingerprint diagnostic failed)","1.0 on CLEARS (gain > 0, 95% season-week interval excluding 0, wins >= MIN_SEASONS_WON seasons) else 0.0"
4c_comparables,rec,EDGE,0.0,comps_ablation_results_recency_weighted_eligibility_v2.parquet,"parked for V1 (stopping rule of 2026-10-09: no threshold passes the sweep, fingerprint diagnostic failed)","1.0 on CLEARS (gain > 0, 95% season-week interval excluding 0, wins >= MIN_SEASONS_WON seasons) else 0.0"
4c_comparables,rec_yds,EDGE,0.0,comps_ablation_results_recency_weighted_eligibility_v2.parquet,"parked for V1 (stopping rule of 2026-10-09: no threshold passes the sweep, fingerprint diagnostic failed)","1.0 on CLEARS (gain > 0, 95% season-week interval excluding 0, wins >= MIN_SEASONS_WON seasons) else 0.0"
4c_comparables,qb_rush_att,NO,0.0,comps_ablation_results_recency_weighted_eligibility_v2.parquet,"parked for V1 (stopping rule of 2026-10-09: no threshold passes the sweep, fingerprint diagnostic failed)","1.0 on CLEARS (gain > 0, 95% season-week interval excluding 0, wins >= MIN_SEASONS_WON seasons) else 0.0"
4c_comparables,qb_rush_yds,NO,0.0,comps_ablation_results_recency_weighted_eligibility_v2.parquet,"parked for V1 (stopping rule of 2026-10-09: no threshold passes the sweep, fingerprint diagnostic failed)","1.0 on CLEARS (gain > 0, 95% season-week interval excluding 0, wins >= MIN_SEASONS_WON seasons) else 0.0"
4c_comparables,spread,NO,0.0,comps_ablation_results_recency_weighted_eligibility_v2.parquet,"parked for V1 (stopping rule of 2026-10-09: no threshold passes the sweep, fingerprint diagnostic failed)","1.0 on CLEARS (gain > 0, 95% season-week interval excluding 0, wins >= MIN_SEASONS_WON seasons) else 0.0"
4c_comparables,moneyline,NO,0.0,comps_ablation_results_recency_weighted_eligibility_v2.parquet,"parked for V1 (stopping rule of 2026-10-09: no threshold passes the sweep, fingerprint diagnostic failed)","1.0 on CLEARS (gain > 0, 95% season-week interval excluding 0, wins >= MIN_SEASONS_WON seasons) else 0.0"
4c_comparables,total,NO,0.0,comps_ablation_results_recency_weighted_eligibility_v2.parquet,"parked for V1 (stopping rule of 2026-10-09: no threshold passes the sweep, fingerprint diagnostic failed)","1.0 on CLEARS (gain > 0, 95% season-week interval excluding 0, wins >= MIN_SEASONS_WON seasons) else 0.0"
